id1,id2,weight
NaturalEvent,Earthquake,1
NaturalEvent,SolarEclipse,1
NaturalEvent,StormSurge,1
Province,HistoricalProvince,1
TimePeriod,CareerStation,1
TimePeriod,GeologicalPeriod,1
TimePeriod,HistoricalPeriod,1
TimePeriod,PeriodOfArtisticStyle,1
TimePeriod,PrehistoricalPeriod,1
TimePeriod,ProtohistoricalPeriod,1
TimePeriod,Year,1
TimePeriod,YearInSpaceflight,1
AnatomicalStructure,Artery,1
AnatomicalStructure,BloodVessel,1
AnatomicalStructure,Bone,1
AnatomicalStructure,Brain,1
AnatomicalStructure,Embryology,1
AnatomicalStructure,Ligament,1
AnatomicalStructure,Lymph,1
AnatomicalStructure,Muscle,1
AnatomicalStructure,Nerve,1
AnatomicalStructure,Vein,1
Territory,OldTerritory,1
Beverage,Beer,1
Beverage,Vodka,1
Beverage,Wine,1
Beverage,ControlledDesignationOfOriginWine,1
Wine,ControlledDesignationOfOriginWine,1
Department,OverseasDepartment,1
SportsSeason,MotorsportSeason,1
SportsSeason,SportsTeamSeason,1
SportsSeason,BaseballSeason,1
SportsSeason,FootballLeagueSeason,1
SportsSeason,NationalFootballLeagueSeason,1
SportsSeason,NCAATeamSeason,1
SportsSeason,SoccerClubSeason,1
SportsSeason,SoccerLeagueSeason,1
SportsTeamSeason,BaseballSeason,1
SportsTeamSeason,FootballLeagueSeason,1
SportsTeamSeason,NCAATeamSeason,1
SportsTeamSeason,SoccerClubSeason,1
SportsTeamSeason,SoccerLeagueSeason,1
SportsTeamSeason,NationalFootballLeagueSeason,1
FootballLeagueSeason,NationalFootballLeagueSeason,1
FloweringPlant,Grape,1
SportCompetitionResult,OlympicResult,1
SportCompetitionResult,SnookerWorldRanking,1
Tower,Lighthouse,1
Tower,WaterTower,1
ReligiousBuilding,Abbey,1
ReligiousBuilding,Church,1
ReligiousBuilding,Monastery,1
ReligiousBuilding,Mosque,1
ReligiousBuilding,Shrine,1
ReligiousBuilding,Synagogue,1
ReligiousBuilding,Temple,1
MotorcycleRider,MotocycleRacer,1
MotorcycleRider,SpeedwayRider,1
ClericalAdministrativeRegion,Deanery,1
ClericalAdministrativeRegion,Diocese,1
ClericalAdministrativeRegion,Parish,1
PowerStation,NuclearPowerStation,1
Name,GivenName,1
Name,Surname,1
Instrumentalist,Guitarist,1
Company,Airline,1
Company,Bank,1
Company,Brewery,1
Company,BusCompany,1
Company,Caterer,1
Company,LawFirm,1
Company,Publisher,1
Company,RecordLabel,1
Company,Winery,1
Wrestler,SumoWrestler,1
GridironFootballPlayer,AmericanFootballPlayer,1
GridironFootballPlayer,CanadianFootballPlayer,1
Engine,AutomobileEngine,1
Engine,RocketEngine,1
GeneLocation,HumanGeneLocation,1
GeneLocation,MouseGeneLocation,1
TheologicalConcept,ChristianDoctrine,1
Settlement,City,1
Settlement,CityDistrict,1
Settlement,HistoricalSettlement,1
Settlement,Town,1
Settlement,Village,1
Settlement,Capital,1
Settlement,CapitalOfRegion,1
City,Capital,1
City,CapitalOfRegion,1
Software,VideoGame,1
RacingDriver,DTMRacer,1
RacingDriver,FormulaOneRacer,1
RacingDriver,NascarDriver,1
RacingDriver,RallyDriver,1
ArchitecturalStructure,AmusementParkAttraction,1
ArchitecturalStructure,Arena,1
ArchitecturalStructure,Building,1
ArchitecturalStructure,Gate,1
ArchitecturalStructure,Infrastructure,1
ArchitecturalStructure,MilitaryStructure,1
ArchitecturalStructure,Mill,1
ArchitecturalStructure,Pyramid,1
ArchitecturalStructure,SportFacility,1
ArchitecturalStructure,Square,1
ArchitecturalStructure,Tower,1
ArchitecturalStructure,Tunnel,1
ArchitecturalStructure,Venue,1
ArchitecturalStructure,Zoo,1
ArchitecturalStructure,RollerCoaster,1
ArchitecturalStructure,WaterRide,1
ArchitecturalStructure,Casino,1
ArchitecturalStructure,Castle,1
ArchitecturalStructure,Factory,1
ArchitecturalStructure,HistoricBuilding,1
ArchitecturalStructure,Hospital,1
ArchitecturalStructure,Hotel,1
ArchitecturalStructure,Library,1
ArchitecturalStructure,Museum,1
ArchitecturalStructure,Prison,1
ArchitecturalStructure,ReligiousBuilding,1
ArchitecturalStructure,Abbey,1
ArchitecturalStructure,Church,1
ArchitecturalStructure,Monastery,1
ArchitecturalStructure,Mosque,1
ArchitecturalStructure,Shrine,1
ArchitecturalStructure,Synagogue,1
ArchitecturalStructure,Temple,1
ArchitecturalStructure,Restaurant,1
ArchitecturalStructure,ShoppingMall,1
ArchitecturalStructure,Skyscraper,1
ArchitecturalStructure,Airport,1
ArchitecturalStructure,Dam,1
ArchitecturalStructure,Dike,1
ArchitecturalStructure,LaunchPad,1
ArchitecturalStructure,Lock,1
ArchitecturalStructure,Port,1
ArchitecturalStructure,PowerStation,1
ArchitecturalStructure,NuclearPowerStation,1
ArchitecturalStructure,RestArea,1
ArchitecturalStructure,RouteOfTransportation,1
ArchitecturalStructure,Bridge,1
ArchitecturalStructure,RailwayLine,1
ArchitecturalStructure,RailwayTunnel,1
ArchitecturalStructure,Road,1
ArchitecturalStructure,RoadJunction,1
ArchitecturalStructure,RoadTunnel,1
ArchitecturalStructure,WaterwayTunnel,1
ArchitecturalStructure,Station,1
ArchitecturalStructure,ElectricalSubstation,1
ArchitecturalStructure,FillingStation,1
ArchitecturalStructure,MetroStation,1
ArchitecturalStructure,RailwayStation,1
ArchitecturalStructure,TramStation,1
ArchitecturalStructure,Fort,1
ArchitecturalStructure,Treadmill,1
ArchitecturalStructure,Watermill,1
ArchitecturalStructure,WindMotor,1
ArchitecturalStructure,Windmill,1
ArchitecturalStructure,CricketGround,1
ArchitecturalStructure,GolfCourse,1
ArchitecturalStructure,RaceTrack,1
ArchitecturalStructure,Racecourse,1
ArchitecturalStructure,SkiArea,1
ArchitecturalStructure,SkiResort,1
ArchitecturalStructure,Stadium,1
ArchitecturalStructure,Lighthouse,1
ArchitecturalStructure,WaterTower,1
ArchitecturalStructure,Theatre,1
AmusementParkAttraction,RollerCoaster,1
AmusementParkAttraction,WaterRide,1
Building,Casino,1
Building,Castle,1
Building,Factory,1
Building,HistoricBuilding,1
Building,Hospital,1
Building,Hotel,1
Building,Library,1
Building,Museum,1
Building,Prison,1
Building,ReligiousBuilding,1
Building,Restaurant,1
Building,ShoppingMall,1
Building,Skyscraper,1
Building,Abbey,1
Building,Church,1
Building,Monastery,1
Building,Mosque,1
Building,Shrine,1
Building,Synagogue,1
Building,Temple,1
Infrastructure,Airport,1
Infrastructure,Dam,1
Infrastructure,Dike,1
Infrastructure,LaunchPad,1
Infrastructure,Lock,1
Infrastructure,Port,1
Infrastructure,PowerStation,1
Infrastructure,RestArea,1
Infrastructure,RouteOfTransportation,1
Infrastructure,Station,1
Infrastructure,NuclearPowerStation,1
Infrastructure,Bridge,1
Infrastructure,RailwayLine,1
Infrastructure,RailwayTunnel,1
Infrastructure,Road,1
Infrastructure,RoadJunction,1
Infrastructure,RoadTunnel,1
Infrastructure,WaterwayTunnel,1
Infrastructure,ElectricalSubstation,1
Infrastructure,FillingStation,1
Infrastructure,MetroStation,1
Infrastructure,RailwayStation,1
Infrastructure,TramStation,1
MilitaryStructure,Fort,1
Mill,Treadmill,1
Mill,Watermill,1
Mill,WindMotor,1
Mill,Windmill,1
SportFacility,CricketGround,1
SportFacility,GolfCourse,1
SportFacility,RaceTrack,1
SportFacility,SkiArea,1
SportFacility,Stadium,1
SportFacility,Racecourse,1
SportFacility,SkiResort,1
Venue,Theatre,1
RouteOfTransportation,Bridge,1
RouteOfTransportation,RailwayLine,1
RouteOfTransportation,RailwayTunnel,1
RouteOfTransportation,Road,1
RouteOfTransportation,RoadJunction,1
RouteOfTransportation,RoadTunnel,1
RouteOfTransportation,WaterwayTunnel,1
Station,ElectricalSubstation,1
Station,FillingStation,1
Station,MetroStation,1
Station,RailwayStation,1
Station,TramStation,1
RaceTrack,Racecourse,1
SkiArea,SkiResort,1
Event,Competition,1
Event,LifeCycleEvent,1
Event,NaturalEvent,1
Event,SocietalEvent,1
Event,Contest,1
Event,PersonalEvent,1
Event,Birth,1
Event,Death,1
Event,Divorce,1
Event,Marriage,1
Event,Earthquake,1
Event,SolarEclipse,1
Event,StormSurge,1
Event,AcademicConference,1
Event,Attack,1
Event,Convention,1
Event,Election,1
Event,FilmFestival,1
Event,Meeting,1
Event,MilitaryConflict,1
Event,MusicFestival,1
Event,Rebellion,1
Event,SpaceMission,1
Event,SportsEvent,1
Event,CyclingCompetition,1
Event,FootballMatch,1
Event,GrandPrix,1
Event,InternationalFootballLeagueEvent,1
Event,MixedMartialArtsEvent,1
Event,NationalFootballLeagueEvent,1
Event,Olympics,1
Event,OlympicEvent,1
Event,Race,1
Event,CyclingRace,1
Event,HorseRace,1
Event,MotorRace,1
Event,Tournament,1
Event,GolfTournament,1
Event,SoccerTournament,1
Event,TennisTournament,1
Event,WomensTennisAssociationTournament,1
Event,WrestlingEvent,1
Competition,Contest,1
LifeCycleEvent,PersonalEvent,1
LifeCycleEvent,Birth,1
LifeCycleEvent,Death,1
LifeCycleEvent,Divorce,1
LifeCycleEvent,Marriage,1
SocietalEvent,AcademicConference,1
SocietalEvent,Attack,1
SocietalEvent,Convention,1
SocietalEvent,Election,1
SocietalEvent,FilmFestival,1
SocietalEvent,Meeting,1
SocietalEvent,MilitaryConflict,1
SocietalEvent,MusicFestival,1
SocietalEvent,Rebellion,1
SocietalEvent,SpaceMission,1
SocietalEvent,SportsEvent,1
SocietalEvent,CyclingCompetition,1
SocietalEvent,FootballMatch,1
SocietalEvent,GrandPrix,1
SocietalEvent,InternationalFootballLeagueEvent,1
SocietalEvent,MixedMartialArtsEvent,1
SocietalEvent,NationalFootballLeagueEvent,1
SocietalEvent,Olympics,1
SocietalEvent,OlympicEvent,1
SocietalEvent,Race,1
SocietalEvent,CyclingRace,1
SocietalEvent,HorseRace,1
SocietalEvent,MotorRace,1
SocietalEvent,Tournament,1
SocietalEvent,GolfTournament,1
SocietalEvent,SoccerTournament,1
SocietalEvent,TennisTournament,1
SocietalEvent,WomensTennisAssociationTournament,1
SocietalEvent,WrestlingEvent,1
PersonalEvent,Birth,1
PersonalEvent,Death,1
PersonalEvent,Divorce,1
PersonalEvent,Marriage,1
SportsEvent,CyclingCompetition,1
SportsEvent,FootballMatch,1
SportsEvent,GrandPrix,1
SportsEvent,InternationalFootballLeagueEvent,1
SportsEvent,MixedMartialArtsEvent,1
SportsEvent,NationalFootballLeagueEvent,1
SportsEvent,Olympics,1
SportsEvent,Race,1
SportsEvent,Tournament,1
SportsEvent,WrestlingEvent,1
SportsEvent,OlympicEvent,1
SportsEvent,CyclingRace,1
SportsEvent,HorseRace,1
SportsEvent,MotorRace,1
SportsEvent,GolfTournament,1
SportsEvent,SoccerTournament,1
SportsEvent,TennisTournament,1
SportsEvent,WomensTennisAssociationTournament,1
Country,HistoricalCountry,1
OrganisationMember,SportsTeamMember,1
Case,LegalCase,1
Case,SupremeCourtOfTheUnitedStatesCase,1
LegalCase,SupremeCourtOfTheUnitedStatesCase,1
Boxer,AmateurBoxer,1
Island,Atoll,1
NaturalPlace,Archipelago,1
NaturalPlace,Beach,1
NaturalPlace,BodyOfWater,1
NaturalPlace,Cape,1
NaturalPlace,Cave,1
NaturalPlace,Crater,1
NaturalPlace,Desert,1
NaturalPlace,Forest,1
NaturalPlace,Glacier,1
NaturalPlace,HotSpring,1
NaturalPlace,Mountain,1
NaturalPlace,MountainPass,1
NaturalPlace,MountainRange,1
NaturalPlace,Valley,1
NaturalPlace,Volcano,1
NaturalPlace,Bay,1
NaturalPlace,Lake,1
NaturalPlace,Ocean,1
NaturalPlace,Sea,1
NaturalPlace,Stream,1
NaturalPlace,Canal,1
NaturalPlace,Creek,1
NaturalPlace,River,1
NaturalPlace,LunarCrater,1
BodyOfWater,Bay,1
BodyOfWater,Lake,1
BodyOfWater,Ocean,1
BodyOfWater,Sea,1
BodyOfWater,Stream,1
BodyOfWater,Canal,1
BodyOfWater,Creek,1
BodyOfWater,River,1
Crater,LunarCrater,1
Stream,Canal,1
Stream,Creek,1
Stream,River,1
SportsManager,SoccerManager,1
Coach,AmericanFootballCoach,1
Coach,CollegeCoach,1
Coach,VolleyballCoach,1
Writer,Historian,1
Writer,MusicComposer,1
Writer,PlayWright,1
Writer,Poet,1
Writer,ScreenWriter,1
Writer,SongWriter,1
Swarm,Globularswarm,1
Swarm,Openswarm,1
TeamSport,Soccer,1
Politician,Chancellor,1
Politician,Congressman,1
Politician,Deputy,1
Politician,Governor,1
Politician,Lieutenant,1
Politician,Mayor,1
Politician,MemberOfParliament,1
Politician,President,1
Politician,PrimeMinister,1
Politician,Senator,1
Politician,VicePresident,1
Politician,VicePrimeMinister,1
TelevisionPersonality,Host,1
Device,Camera,1
Device,Engine,1
Device,InformationAppliance,1
Device,Instrument,1
Device,MobilePhone,1
Device,Weapon,1
Device,DigitalCamera,1
Device,AutomobileEngine,1
Device,RocketEngine,1
Device,Guitar,1
Device,Organ,1
Camera,DigitalCamera,1
Instrument,Guitar,1
Instrument,Organ,1
Artwork,Painting,1
Artwork,Sculpture,1
VolleyballPlayer,BeachVolleyballPlayer,1
Non-ProfitOrganisation,RecordOffice,1
Cleric,Cardinal,1
Cleric,ChristianBishop,1
Cleric,ChristianPatriarch,1
Cleric,Pope,1
Cleric,Priest,1
Cleric,Saint,1
Cleric,Vicar,1
Region,AdministrativeRegion,1
Region,HistoricalRegion,1
Region,NaturalRegion,1
Region,ClericalAdministrativeRegion,1
Region,Deanery,1
Region,Diocese,1
Region,Parish,1
Region,GovernmentalAdministrativeRegion,1
Region,Arrondissement,1
Region,Canton,1
Region,Department,1
Region,OverseasDepartment,1
Region,District,1
Region,HistoricalDistrict,1
Region,DistrictWaterBoard,1
Region,MicroRegion,1
Region,Municipality,1
Region,FormerMunicipality,1
Region,Prefecture,1
Region,Province,1
Region,HistoricalProvince,1
Region,Regency,1
Region,SubMunicipality,1
Region,HistoricalAreaOfAuthority,1
Region,Fiefdom,1
AdministrativeRegion,ClericalAdministrativeRegion,1
AdministrativeRegion,GovernmentalAdministrativeRegion,1
AdministrativeRegion,HistoricalAreaOfAuthority,1
AdministrativeRegion,Deanery,1
AdministrativeRegion,Diocese,1
AdministrativeRegion,Parish,1
AdministrativeRegion,Arrondissement,1
AdministrativeRegion,Canton,1
AdministrativeRegion,Department,1
AdministrativeRegion,OverseasDepartment,1
AdministrativeRegion,District,1
AdministrativeRegion,HistoricalDistrict,1
AdministrativeRegion,DistrictWaterBoard,1
AdministrativeRegion,MicroRegion,1
AdministrativeRegion,Municipality,1
AdministrativeRegion,FormerMunicipality,1
AdministrativeRegion,Prefecture,1
AdministrativeRegion,Province,1
AdministrativeRegion,HistoricalProvince,1
AdministrativeRegion,Regency,1
AdministrativeRegion,SubMunicipality,1
AdministrativeRegion,Fiefdom,1
GovernmentalAdministrativeRegion,Arrondissement,1
GovernmentalAdministrativeRegion,Canton,1
GovernmentalAdministrativeRegion,Department,1
GovernmentalAdministrativeRegion,District,1
GovernmentalAdministrativeRegion,DistrictWaterBoard,1
GovernmentalAdministrativeRegion,MicroRegion,1
GovernmentalAdministrativeRegion,Municipality,1
GovernmentalAdministrativeRegion,Prefecture,1
GovernmentalAdministrativeRegion,Province,1
GovernmentalAdministrativeRegion,Regency,1
GovernmentalAdministrativeRegion,SubMunicipality,1
GovernmentalAdministrativeRegion,OverseasDepartment,1
GovernmentalAdministrativeRegion,HistoricalDistrict,1
GovernmentalAdministrativeRegion,FormerMunicipality,1
GovernmentalAdministrativeRegion,HistoricalProvince,1
HistoricalAreaOfAuthority,Fiefdom,1
SnookerPlayer,SnookerChamp,1
PersonFunction,PoliticalFunction,1
PersonFunction,Profession,1
MusicalArtist,BackScene,1
MusicalArtist,ClassicalMusicArtist,1
MusicalArtist,Instrumentalist,1
MusicalArtist,MusicDirector,1
MusicalArtist,Singer,1
MusicalArtist,Guitarist,1
Presenter,RadioHost,1
Presenter,TelevisionHost,1
Database,BiologicalDatabase,1
MusicalWork,Album,1
MusicalWork,ArtistDiscography,1
MusicalWork,ClassicalMusicComposition,1
MusicalWork,Musical,1
MusicalWork,NationalAnthem,1
MusicalWork,Opera,1
MusicalWork,Single,1
MusicalWork,Song,1
MusicalWork,EurovisionSongContestEntry,1
Song,EurovisionSongContestEntry,1
MeanOfTransportation,Aircraft,1
MeanOfTransportation,Automobile,1
MeanOfTransportation,Locomotive,1
MeanOfTransportation,MilitaryVehicle,1
MeanOfTransportation,Motorcycle,1
MeanOfTransportation,On-SiteTransportation,1
MeanOfTransportation,Rocket,1
MeanOfTransportation,Ship,1
MeanOfTransportation,SpaceShuttle,1
MeanOfTransportation,SpaceStation,1
MeanOfTransportation,Spacecraft,1
MeanOfTransportation,Train,1
MeanOfTransportation,TrainCarriage,1
MeanOfTransportation,Tram,1
MeanOfTransportation,MilitaryAircraft,1
MeanOfTransportation,ConveyorSystem,1
MeanOfTransportation,Escalator,1
MeanOfTransportation,MovingWalkway,1
Aircraft,MilitaryAircraft,1
On-SiteTransportation,ConveyorSystem,1
On-SiteTransportation,Escalator,1
On-SiteTransportation,MovingWalkway,1
Annotation,Reference,1
UnitOfWork,Case,1
UnitOfWork,Project,1
UnitOfWork,LegalCase,1
UnitOfWork,SupremeCourtOfTheUnitedStatesCase,1
UnitOfWork,ResearchProject,1
Project,ResearchProject,1
MotorsportRacer,MotorcycleRider,1
MotorsportRacer,RacingDriver,1
MotorsportRacer,MotocycleRacer,1
MotorsportRacer,SpeedwayRider,1
MotorsportRacer,DTMRacer,1
MotorsportRacer,FormulaOneRacer,1
MotorsportRacer,NascarDriver,1
MotorsportRacer,RallyDriver,1
Gene,HumanGene,1
Gene,MouseGene,1
Satellite,ArtificialSatellite,1
GovernmentAgency,GovernmentCabinet,1
Horse,RaceHorse,1
PeriodicalLiterature,AcademicJournal,1
PeriodicalLiterature,Magazine,1
PeriodicalLiterature,Newspaper,1
PeriodicalLiterature,UndergroundJournal,1
Plant,ClubMoss,1
Plant,Conifer,1
Plant,CultivatedVariety,1
Plant,Cycad,1
Plant,Fern,1
Plant,FloweringPlant,1
Plant,Ginkgo,1
Plant,Gnetophytes,1
Plant,GreenAlga,1
Plant,Moss,1
Plant,Grape,1
Athlete,ArcherPlayer,1
Athlete,AthleticsPlayer,1
Athlete,AustralianRulesFootballPlayer,1
Athlete,BadmintonPlayer,1
Athlete,BaseballPlayer,1
Athlete,BasketballPlayer,1
Athlete,Bodybuilder,1
Athlete,Boxer,1
Athlete,BullFighter,1
Athlete,Canoeist,1
Athlete,ChessPlayer,1
Athlete,Cricketer,1
Athlete,Cyclist,1
Athlete,DartsPlayer,1
Athlete,Fencer,1
Athlete,GaelicGamesPlayer,1
Athlete,GolfPlayer,1
Athlete,GridironFootballPlayer,1
Athlete,Gymnast,1
Athlete,HandballPlayer,1
Athlete,HighDiver,1
Athlete,HorseRider,1
Athlete,Jockey,1
Athlete,LacrossePlayer,1
Athlete,MartialArtist,1
Athlete,MotorsportRacer,1
Athlete,NationalCollegiateAthleticAssociationAthlete,1
Athlete,NetballPlayer,1
Athlete,PokerPlayer,1
Athlete,Rower,1
Athlete,RugbyPlayer,1
Athlete,SnookerPlayer,1
Athlete,SoccerPlayer,1
Athlete,SquashPlayer,1
Athlete,Surfer,1
Athlete,Swimmer,1
Athlete,TableTennisPlayer,1
Athlete,TeamMember,1
Athlete,TennisPlayer,1
Athlete,VolleyballPlayer,1
Athlete,WaterPoloPlayer,1
Athlete,WinterSportPlayer,1
Athlete,Wrestler,1
Athlete,AmateurBoxer,1
Athlete,AmericanFootballPlayer,1
Athlete,CanadianFootballPlayer,1
Athlete,MotorcycleRider,1
Athlete,MotocycleRacer,1
Athlete,SpeedwayRider,1
Athlete,RacingDriver,1
Athlete,DTMRacer,1
Athlete,FormulaOneRacer,1
Athlete,NascarDriver,1
Athlete,RallyDriver,1
Athlete,SnookerChamp,1
Athlete,BeachVolleyballPlayer,1
Athlete,Biathlete,1
Athlete,BobsleighAthlete,1
Athlete,CrossCountrySkier,1
Athlete,Curler,1
Athlete,FigureSkater,1
Athlete,IceHockeyPlayer,1
Athlete,NordicCombined,1
Athlete,Skater,1
Athlete,Skijumper,1
Athlete,Skier,1
Athlete,SpeedSkater,1
Athlete,SumoWrestler,1
WinterSportPlayer,Biathlete,1
WinterSportPlayer,BobsleighAthlete,1
WinterSportPlayer,CrossCountrySkier,1
WinterSportPlayer,Curler,1
WinterSportPlayer,FigureSkater,1
WinterSportPlayer,IceHockeyPlayer,1
WinterSportPlayer,NordicCombined,1
WinterSportPlayer,Skater,1
WinterSportPlayer,Skijumper,1
WinterSportPlayer,Skier,1
WinterSportPlayer,SpeedSkater,1
WrittenWork,Annotation,1
WrittenWork,Article,1
WrittenWork,Book,1
WrittenWork,Comic,1
WrittenWork,Drama,1
WrittenWork,Law,1
WrittenWork,Letter,1
WrittenWork,MultiVolumePublication,1
WrittenWork,PeriodicalLiterature,1
WrittenWork,Play,1
WrittenWork,Poem,1
WrittenWork,Quote,1
WrittenWork,Resume,1
WrittenWork,StatedResolution,1
WrittenWork,Treaty,1
WrittenWork,Reference,1
WrittenWork,Novel,1
WrittenWork,LightNovel,1
WrittenWork,ComicStrip,1
WrittenWork,Manga,1
WrittenWork,Manhua,1
WrittenWork,Manhwa,1
WrittenWork,AcademicJournal,1
WrittenWork,Magazine,1
WrittenWork,Newspaper,1
WrittenWork,UndergroundJournal,1
Book,Novel,1
Book,LightNovel,1
Comic,ComicStrip,1
Comic,Manga,1
Comic,Manhua,1
Comic,Manhwa,1
Novel,LightNovel,1
Royalty,BritishRoyalty,1
Royalty,Baronet,1
BritishRoyalty,Baronet,1
Family,NobleFamily,1
Sport,Athletics,1
Sport,Boxing,1
Sport,HorseRiding,1
Sport,TeamSport,1
Sport,BoxingCategory,1
Sport,BoxingStyle,1
Sport,Soccer,1
Boxing,BoxingCategory,1
Boxing,BoxingStyle,1
Activity,Game,1
Activity,Sales,1
Activity,Sport,1
Activity,BoardGame,1
Activity,CardGame,1
Activity,Athletics,1
Activity,Boxing,1
Activity,BoxingCategory,1
Activity,BoxingStyle,1
Activity,HorseRiding,1
Activity,TeamSport,1
Activity,Soccer,1
Game,BoardGame,1
Game,CardGame,1
Olympics,OlympicEvent,1
Food,Beverage,1
Food,Cheese,1
Food,Beer,1
Food,Vodka,1
Food,Wine,1
Food,ControlledDesignationOfOriginWine,1
SportsClub,HockeyClub,1
Work,Artwork,1
Work,Cartoon,1
Work,CollectionOfValuables,1
Work,Database,1
Work,Document,1
Work,Film,1
Work,LineOfFashion,1
Work,MusicalWork,1
Work,RadioProgram,1
Work,Software,1
Work,TelevisionEpisode,1
Work,TelevisionSeason,1
Work,TelevisionShow,1
Work,Website,1
Work,WrittenWork,1
Work,Painting,1
Work,Sculpture,1
Work,Anime,1
Work,HollywoodCartoon,1
Work,Archive,1
Work,BiologicalDatabase,1
Work,File,1
Work,Image,1
Work,MovingImage,1
Work,StillImage,1
Work,Sound,1
Work,Album,1
Work,ArtistDiscography,1
Work,ClassicalMusicComposition,1
Work,Musical,1
Work,NationalAnthem,1
Work,Opera,1
Work,Single,1
Work,Song,1
Work,EurovisionSongContestEntry,1
Work,VideoGame,1
Work,Annotation,1
Work,Reference,1
Work,Article,1
Work,Book,1
Work,Novel,1
Work,LightNovel,1
Work,Comic,1
Work,ComicStrip,1
Work,Manga,1
Work,Manhua,1
Work,Manhwa,1
Work,Drama,1
Work,Law,1
Work,Letter,1
Work,MultiVolumePublication,1
Work,PeriodicalLiterature,1
Work,AcademicJournal,1
Work,Magazine,1
Work,Newspaper,1
Work,UndergroundJournal,1
Work,Play,1
Work,Poem,1
Work,Quote,1
Work,Resume,1
Work,StatedResolution,1
Work,Treaty,1
Cartoon,Anime,1
Cartoon,HollywoodCartoon,1
CollectionOfValuables,Archive,1
Document,File,1
Document,Image,1
Document,Sound,1
Document,MovingImage,1
Document,StillImage,1
Image,MovingImage,1
Image,StillImage,1
Race,CyclingRace,1
Race,HorseRace,1
Race,MotorRace,1
Tournament,GolfTournament,1
Tournament,SoccerTournament,1
Tournament,TennisTournament,1
Tournament,WomensTennisAssociationTournament,1
Language,ProgrammingLanguage,1
Actor,AdultActor,1
Actor,VoiceActor,1
Group,Band,1
Group,ComedyGroup,1
SportsLeague,AmericanFootballLeague,1
SportsLeague,AustralianFootballLeague,1
SportsLeague,AutoRacingLeague,1
SportsLeague,BaseballLeague,1
SportsLeague,BasketballLeague,1
SportsLeague,BowlingLeague,1
SportsLeague,BoxingLeague,1
SportsLeague,CanadianFootballLeague,1
SportsLeague,CricketLeague,1
SportsLeague,CurlingLeague,1
SportsLeague,CyclingLeague,1
SportsLeague,FieldHockeyLeague,1
SportsLeague,FormulaOneRacing,1
SportsLeague,GolfLeague,1
SportsLeague,HandballLeague,1
SportsLeague,IceHockeyLeague,1
SportsLeague,InlineHockeyLeague,1
SportsLeague,LacrosseLeague,1
SportsLeague,MixedMartialArtsLeague,1
SportsLeague,MotorcycleRacingLeague,1
SportsLeague,PaintballLeague,1
SportsLeague,PoloLeague,1
SportsLeague,RadioControlledRacingLeague,1
SportsLeague,RugbyLeague,1
SportsLeague,SoccerLeague,1
SportsLeague,SoftballLeague,1
SportsLeague,SpeedwayLeague,1
SportsLeague,TennisLeague,1
SportsLeague,VideogamesLeague,1
SportsLeague,VolleyballLeague,1
Person,Ambassador,1
Person,Archeologist,1
Person,Architect,1
Person,Aristocrat,1
Person,Artist,1
Person,Astronaut,1
Person,Athlete,1
Person,BeautyQueen,1
Person,BusinessPerson,1
Person,Celebrity,1
Person,Chef,1
Person,Cleric,1
Person,Coach,1
Person,Criminal,1
Person,Economist,1
Person,Egyptologist,1
Person,Engineer,1
Person,Farmer,1
Person,FictionalCharacter,1
Person,HorseTrainer,1
Person,Journalist,1
Person,Judge,1
Person,Lawyer,1
Person,Linguist,1
Person,MemberResistanceMovement,1
Person,MilitaryPerson,1
Person,Model,1
Person,Monarch,1
Person,MovieDirector,1
Person,Noble,1
Person,OfficeHolder,1
Person,OrganisationMember,1
Person,Orphan,1
Person,Philosopher,1
Person,PlayboyPlaymate,1
Person,Politician,1
Person,PoliticianSpouse,1
Person,Presenter,1
Person,Producer,1
Person,Psychologist,1
Person,Referee,1
Person,Religious,1
Person,RomanEmperor,1
Person,Royalty,1
Person,Scientist,1
Person,SportsManager,1
Person,TelevisionDirector,1
Person,TelevisionPersonality,1
Person,TheatreDirector,1
Person,Writer,1
Person,Actor,1
Person,AdultActor,1
Person,VoiceActor,1
Person,Comedian,1
Person,ComicsCreator,1
Person,Dancer,1
Person,FashionDesigner,1
Person,Humorist,1
Person,MusicalArtist,1
Person,BackScene,1
Person,ClassicalMusicArtist,1
Person,Instrumentalist,1
Person,Guitarist,1
Person,MusicDirector,1
Person,Singer,1
Person,Painter,1
Person,Photographer,1
Person,Sculptor,1
Person,ArcherPlayer,1
Person,AthleticsPlayer,1
Person,AustralianRulesFootballPlayer,1
Person,BadmintonPlayer,1
Person,BaseballPlayer,1
Person,BasketballPlayer,1
Person,Bodybuilder,1
Person,Boxer,1
Person,AmateurBoxer,1
Person,BullFighter,1
Person,Canoeist,1
Person,ChessPlayer,1
Person,Cricketer,1
Person,Cyclist,1
Person,DartsPlayer,1
Person,Fencer,1
Person,GaelicGamesPlayer,1
Person,GolfPlayer,1
Person,GridironFootballPlayer,1
Person,AmericanFootballPlayer,1
Person,CanadianFootballPlayer,1
Person,Gymnast,1
Person,HandballPlayer,1
Person,HighDiver,1
Person,HorseRider,1
Person,Jockey,1
Person,LacrossePlayer,1
Person,MartialArtist,1
Person,MotorsportRacer,1
Person,MotorcycleRider,1
Person,MotocycleRacer,1
Person,SpeedwayRider,1
Person,RacingDriver,1
Person,DTMRacer,1
Person,FormulaOneRacer,1
Person,NascarDriver,1
Person,RallyDriver,1
Person,NationalCollegiateAthleticAssociationAthlete,1
Person,NetballPlayer,1
Person,PokerPlayer,1
Person,Rower,1
Person,RugbyPlayer,1
Person,SnookerPlayer,1
Person,SnookerChamp,1
Person,SoccerPlayer,1
Person,SquashPlayer,1
Person,Surfer,1
Person,Swimmer,1
Person,TableTennisPlayer,1
Person,TeamMember,1
Person,TennisPlayer,1
Person,VolleyballPlayer,1
Person,BeachVolleyballPlayer,1
Person,WaterPoloPlayer,1
Person,WinterSportPlayer,1
Person,Biathlete,1
Person,BobsleighAthlete,1
Person,CrossCountrySkier,1
Person,Curler,1
Person,FigureSkater,1
Person,IceHockeyPlayer,1
Person,NordicCombined,1
Person,Skater,1
Person,Skijumper,1
Person,Skier,1
Person,SpeedSkater,1
Person,Wrestler,1
Person,SumoWrestler,1
Person,Cardinal,1
Person,ChristianBishop,1
Person,ChristianPatriarch,1
Person,Pope,1
Person,Priest,1
Person,Saint,1
Person,Vicar,1
Person,AmericanFootballCoach,1
Person,CollegeCoach,1
Person,VolleyballCoach,1
Person,Murderer,1
Person,SerialKiller,1
Person,ComicsCharacter,1
Person,AnimangaCharacter,1
Person,DisneyCharacter,1
Person,MythologicalFigure,1
Person,NarutoCharacter,1
Person,SoapCharacter,1
Person,SportsTeamMember,1
Person,Chancellor,1
Person,Congressman,1
Person,Deputy,1
Person,Governor,1
Person,Lieutenant,1
Person,Mayor,1
Person,MemberOfParliament,1
Person,President,1
Person,PrimeMinister,1
Person,Senator,1
Person,VicePresident,1
Person,VicePrimeMinister,1
Person,RadioHost,1
Person,TelevisionHost,1
Person,BritishRoyalty,1
Person,Baronet,1
Person,Biologist,1
Person,Entomologist,1
Person,Medician,1
Person,Professor,1
Person,SoccerManager,1
Person,Host,1
Person,Historian,1
Person,MusicComposer,1
Person,PlayWright,1
Person,Poet,1
Person,ScreenWriter,1
Person,SongWriter,1
Artist,Actor,1
Artist,Comedian,1
Artist,ComicsCreator,1
Artist,Dancer,1
Artist,FashionDesigner,1
Artist,Humorist,1
Artist,MusicalArtist,1
Artist,Painter,1
Artist,Photographer,1
Artist,Sculptor,1
Artist,AdultActor,1
Artist,VoiceActor,1
Artist,BackScene,1
Artist,ClassicalMusicArtist,1
Artist,Instrumentalist,1
Artist,Guitarist,1
Artist,MusicDirector,1
Artist,Singer,1
Criminal,Murderer,1
Criminal,SerialKiller,1
FictionalCharacter,ComicsCharacter,1
FictionalCharacter,DisneyCharacter,1
FictionalCharacter,MythologicalFigure,1
FictionalCharacter,NarutoCharacter,1
FictionalCharacter,SoapCharacter,1
FictionalCharacter,AnimangaCharacter,1
Scientist,Biologist,1
Scientist,Entomologist,1
Scientist,Medician,1
Scientist,Professor,1
Murderer,SerialKiller,1
ComicsCharacter,AnimangaCharacter,1
ReligiousOrganisation,ClericalOrder,1
Award,Decoration,1
Award,NobelPrize,1
CelestialBody,Asteroid,1
CelestialBody,Constellation,1
CelestialBody,Galaxy,1
CelestialBody,Planet,1
CelestialBody,Satellite,1
CelestialBody,Star,1
CelestialBody,Swarm,1
CelestialBody,ArtificialSatellite,1
CelestialBody,BrownDwarf,1
CelestialBody,Globularswarm,1
CelestialBody,Openswarm,1
Star,BrownDwarf,1
Agent,Deity,1
Agent,Employer,1
Agent,Family,1
Agent,Organisation,1
Agent,Person,1
Agent,NobleFamily,1
Agent,Broadcaster,1
Agent,BroadcastNetwork,1
Agent,RadioStation,1
Agent,TelevisionStation,1
Agent,Company,1
Agent,Airline,1
Agent,Bank,1
Agent,Brewery,1
Agent,BusCompany,1
Agent,Caterer,1
Agent,LawFirm,1
Agent,Publisher,1
Agent,RecordLabel,1
Agent,Winery,1
Agent,EducationalInstitution,1
Agent,College,1
Agent,School,1
Agent,University,1
Agent,EmployersOrganisation,1
Agent,GeopoliticalOrganisation,1
Agent,GovernmentAgency,1
Agent,GovernmentCabinet,1
Agent,Group,1
Agent,Band,1
Agent,ComedyGroup,1
Agent,InternationalOrganisation,1
Agent,Legislature,1
Agent,MilitaryUnit,1
Agent,Non-ProfitOrganisation,1
Agent,RecordOffice,1
Agent,Parliament,1
Agent,PoliticalParty,1
Agent,PublicTransitSystem,1
Agent,ReligiousOrganisation,1
Agent,ClericalOrder,1
Agent,SambaSchool,1
Agent,SportsClub,1
Agent,HockeyClub,1
Agent,SportsLeague,1
Agent,AmericanFootballLeague,1
Agent,AustralianFootballLeague,1
Agent,AutoRacingLeague,1
Agent,BaseballLeague,1
Agent,BasketballLeague,1
Agent,BowlingLeague,1
Agent,BoxingLeague,1
Agent,CanadianFootballLeague,1
Agent,CricketLeague,1
Agent,CurlingLeague,1
Agent,CyclingLeague,1
Agent,FieldHockeyLeague,1
Agent,FormulaOneRacing,1
Agent,GolfLeague,1
Agent,HandballLeague,1
Agent,IceHockeyLeague,1
Agent,InlineHockeyLeague,1
Agent,LacrosseLeague,1
Agent,MixedMartialArtsLeague,1
Agent,MotorcycleRacingLeague,1
Agent,PaintballLeague,1
Agent,PoloLeague,1
Agent,RadioControlledRacingLeague,1
Agent,RugbyLeague,1
Agent,SoccerLeague,1
Agent,SoftballLeague,1
Agent,SpeedwayLeague,1
Agent,TennisLeague,1
Agent,VideogamesLeague,1
Agent,VolleyballLeague,1
Agent,SportsTeam,1
Agent,AmericanFootballTeam,1
Agent,AustralianFootballTeam,1
Agent,BaseballTeam,1
Agent,BasketballTeam,1
Agent,CanadianFootballTeam,1
Agent,CricketTeam,1
Agent,CyclingTeam,1
Agent,FormulaOneTeam,1
Agent,HandballTeam,1
Agent,HockeyTeam,1
Agent,RugbyClub,1
Agent,SoccerClub,1
Agent,NationalSoccerClub,1
Agent,SpeedwayTeam,1
Agent,TermOfOffice,1
Agent,TradeUnion,1
Agent,Ambassador,1
Agent,Archeologist,1
Agent,Architect,1
Agent,Aristocrat,1
Agent,Artist,1
Agent,Actor,1
Agent,AdultActor,1
Agent,VoiceActor,1
Agent,Comedian,1
Agent,ComicsCreator,1
Agent,Dancer,1
Agent,FashionDesigner,1
Agent,Humorist,1
Agent,MusicalArtist,1
Agent,BackScene,1
Agent,ClassicalMusicArtist,1
Agent,Instrumentalist,1
Agent,Guitarist,1
Agent,MusicDirector,1
Agent,Singer,1
Agent,Painter,1
Agent,Photographer,1
Agent,Sculptor,1
Agent,Astronaut,1
Agent,Athlete,1
Agent,ArcherPlayer,1
Agent,AthleticsPlayer,1
Agent,AustralianRulesFootballPlayer,1
Agent,BadmintonPlayer,1
Agent,BaseballPlayer,1
Agent,BasketballPlayer,1
Agent,Bodybuilder,1
Agent,Boxer,1
Agent,AmateurBoxer,1
Agent,BullFighter,1
Agent,Canoeist,1
Agent,ChessPlayer,1
Agent,Cricketer,1
Agent,Cyclist,1
Agent,DartsPlayer,1
Agent,Fencer,1
Agent,GaelicGamesPlayer,1
Agent,GolfPlayer,1
Agent,GridironFootballPlayer,1
Agent,AmericanFootballPlayer,1
Agent,CanadianFootballPlayer,1
Agent,Gymnast,1
Agent,HandballPlayer,1
Agent,HighDiver,1
Agent,HorseRider,1
Agent,Jockey,1
Agent,LacrossePlayer,1
Agent,MartialArtist,1
Agent,MotorsportRacer,1
Agent,MotorcycleRider,1
Agent,MotocycleRacer,1
Agent,SpeedwayRider,1
Agent,RacingDriver,1
Agent,DTMRacer,1
Agent,FormulaOneRacer,1
Agent,NascarDriver,1
Agent,RallyDriver,1
Agent,NationalCollegiateAthleticAssociationAthlete,1
Agent,NetballPlayer,1
Agent,PokerPlayer,1
Agent,Rower,1
Agent,RugbyPlayer,1
Agent,SnookerPlayer,1
Agent,SnookerChamp,1
Agent,SoccerPlayer,1
Agent,SquashPlayer,1
Agent,Surfer,1
Agent,Swimmer,1
Agent,TableTennisPlayer,1
Agent,TeamMember,1
Agent,TennisPlayer,1
Agent,VolleyballPlayer,1
Agent,BeachVolleyballPlayer,1
Agent,WaterPoloPlayer,1
Agent,WinterSportPlayer,1
Agent,Biathlete,1
Agent,BobsleighAthlete,1
Agent,CrossCountrySkier,1
Agent,Curler,1
Agent,FigureSkater,1
Agent,IceHockeyPlayer,1
Agent,NordicCombined,1
Agent,Skater,1
Agent,Skijumper,1
Agent,Skier,1
Agent,SpeedSkater,1
Agent,Wrestler,1
Agent,SumoWrestler,1
Agent,BeautyQueen,1
Agent,BusinessPerson,1
Agent,Celebrity,1
Agent,Chef,1
Agent,Cleric,1
Agent,Cardinal,1
Agent,ChristianBishop,1
Agent,ChristianPatriarch,1
Agent,Pope,1
Agent,Priest,1
Agent,Saint,1
Agent,Vicar,1
Agent,Coach,1
Agent,AmericanFootballCoach,1
Agent,CollegeCoach,1
Agent,VolleyballCoach,1
Agent,Criminal,1
Agent,Murderer,1
Agent,SerialKiller,1
Agent,Economist,1
Agent,Egyptologist,1
Agent,Engineer,1
Agent,Farmer,1
Agent,FictionalCharacter,1
Agent,ComicsCharacter,1
Agent,AnimangaCharacter,1
Agent,DisneyCharacter,1
Agent,MythologicalFigure,1
Agent,NarutoCharacter,1
Agent,SoapCharacter,1
Agent,HorseTrainer,1
Agent,Journalist,1
Agent,Judge,1
Agent,Lawyer,1
Agent,Linguist,1
Agent,MemberResistanceMovement,1
Agent,MilitaryPerson,1
Agent,Model,1
Agent,Monarch,1
Agent,MovieDirector,1
Agent,Noble,1
Agent,OfficeHolder,1
Agent,OrganisationMember,1
Agent,SportsTeamMember,1
Agent,Orphan,1
Agent,Philosopher,1
Agent,PlayboyPlaymate,1
Agent,Politician,1
Agent,Chancellor,1
Agent,Congressman,1
Agent,Deputy,1
Agent,Governor,1
Agent,Lieutenant,1
Agent,Mayor,1
Agent,MemberOfParliament,1
Agent,President,1
Agent,PrimeMinister,1
Agent,Senator,1
Agent,VicePresident,1
Agent,VicePrimeMinister,1
Agent,PoliticianSpouse,1
Agent,Presenter,1
Agent,RadioHost,1
Agent,TelevisionHost,1
Agent,Producer,1
Agent,Psychologist,1
Agent,Referee,1
Agent,Religious,1
Agent,RomanEmperor,1
Agent,Royalty,1
Agent,BritishRoyalty,1
Agent,Baronet,1
Agent,Scientist,1
Agent,Biologist,1
Agent,Entomologist,1
Agent,Medician,1
Agent,Professor,1
Agent,SportsManager,1
Agent,SoccerManager,1
Agent,TelevisionDirector,1
Agent,TelevisionPersonality,1
Agent,Host,1
Agent,TheatreDirector,1
Agent,Writer,1
Agent,Historian,1
Agent,MusicComposer,1
Agent,PlayWright,1
Agent,Poet,1
Agent,ScreenWriter,1
Agent,SongWriter,1
Organisation,Broadcaster,1
Organisation,Company,1
Organisation,EducationalInstitution,1
Organisation,EmployersOrganisation,1
Organisation,GeopoliticalOrganisation,1
Organisation,GovernmentAgency,1
Organisation,Group,1
Organisation,InternationalOrganisation,1
Organisation,Legislature,1
Organisation,MilitaryUnit,1
Organisation,Non-ProfitOrganisation,1
Organisation,Parliament,1
Organisation,PoliticalParty,1
Organisation,PublicTransitSystem,1
Organisation,ReligiousOrganisation,1
Organisation,SambaSchool,1
Organisation,SportsClub,1
Organisation,SportsLeague,1
Organisation,SportsTeam,1
Organisation,TermOfOffice,1
Organisation,TradeUnion,1
Organisation,BroadcastNetwork,1
Organisation,RadioStation,1
Organisation,TelevisionStation,1
Organisation,Airline,1
Organisation,Bank,1
Organisation,Brewery,1
Organisation,BusCompany,1
Organisation,Caterer,1
Organisation,LawFirm,1
Organisation,Publisher,1
Organisation,RecordLabel,1
Organisation,Winery,1
Organisation,College,1
Organisation,School,1
Organisation,University,1
Organisation,GovernmentCabinet,1
Organisation,Band,1
Organisation,ComedyGroup,1
Organisation,RecordOffice,1
Organisation,ClericalOrder,1
Organisation,HockeyClub,1
Organisation,AmericanFootballLeague,1
Organisation,AustralianFootballLeague,1
Organisation,AutoRacingLeague,1
Organisation,BaseballLeague,1
Organisation,BasketballLeague,1
Organisation,BowlingLeague,1
Organisation,BoxingLeague,1
Organisation,CanadianFootballLeague,1
Organisation,CricketLeague,1
Organisation,CurlingLeague,1
Organisation,CyclingLeague,1
Organisation,FieldHockeyLeague,1
Organisation,FormulaOneRacing,1
Organisation,GolfLeague,1
Organisation,HandballLeague,1
Organisation,IceHockeyLeague,1
Organisation,InlineHockeyLeague,1
Organisation,LacrosseLeague,1
Organisation,MixedMartialArtsLeague,1
Organisation,MotorcycleRacingLeague,1
Organisation,PaintballLeague,1
Organisation,PoloLeague,1
Organisation,RadioControlledRacingLeague,1
Organisation,RugbyLeague,1
Organisation,SoccerLeague,1
Organisation,SoftballLeague,1
Organisation,SpeedwayLeague,1
Organisation,TennisLeague,1
Organisation,VideogamesLeague,1
Organisation,VolleyballLeague,1
Organisation,AmericanFootballTeam,1
Organisation,AustralianFootballTeam,1
Organisation,BaseballTeam,1
Organisation,BasketballTeam,1
Organisation,CanadianFootballTeam,1
Organisation,CricketTeam,1
Organisation,CyclingTeam,1
Organisation,FormulaOneTeam,1
Organisation,HandballTeam,1
Organisation,HockeyTeam,1
Organisation,RugbyClub,1
Organisation,SoccerClub,1
Organisation,NationalSoccerClub,1
Organisation,SpeedwayTeam,1
Broadcaster,BroadcastNetwork,1
Broadcaster,RadioStation,1
Broadcaster,TelevisionStation,1
EducationalInstitution,College,1
EducationalInstitution,School,1
EducationalInstitution,University,1
SportsTeam,AmericanFootballTeam,1
SportsTeam,AustralianFootballTeam,1
SportsTeam,BaseballTeam,1
SportsTeam,BasketballTeam,1
SportsTeam,CanadianFootballTeam,1
SportsTeam,CricketTeam,1
SportsTeam,CyclingTeam,1
SportsTeam,FormulaOneTeam,1
SportsTeam,HandballTeam,1
SportsTeam,HockeyTeam,1
SportsTeam,RugbyClub,1
SportsTeam,SoccerClub,1
SportsTeam,SpeedwayTeam,1
SportsTeam,NationalSoccerClub,1
Monument,GraveMonument,1
Monument,Memorial,1
District,HistoricalDistrict,1
Municipality,FormerMunicipality,1
Eukaryote,Animal,1
Eukaryote,Fungus,1
Eukaryote,Plant,1
Eukaryote,Amphibian,1
Eukaryote,Arachnid,1
Eukaryote,Bird,1
Eukaryote,Crustacean,1
Eukaryote,Fish,1
Eukaryote,Insect,1
Eukaryote,Mammal,1
Eukaryote,Cat,1
Eukaryote,Dog,1
Eukaryote,Horse,1
Eukaryote,RaceHorse,1
Eukaryote,Mollusca,1
Eukaryote,Reptile,1
Eukaryote,ClubMoss,1
Eukaryote,Conifer,1
Eukaryote,CultivatedVariety,1
Eukaryote,Cycad,1
Eukaryote,Fern,1
Eukaryote,FloweringPlant,1
Eukaryote,Grape,1
Eukaryote,Ginkgo,1
Eukaryote,Gnetophytes,1
Eukaryote,GreenAlga,1
Eukaryote,Moss,1
Animal,Amphibian,1
Animal,Arachnid,1
Animal,Bird,1
Animal,Crustacean,1
Animal,Fish,1
Animal,Insect,1
Animal,Mammal,1
Animal,Mollusca,1
Animal,Reptile,1
Animal,Cat,1
Animal,Dog,1
Animal,Horse,1
Animal,RaceHorse,1
Mammal,Cat,1
Mammal,Dog,1
Mammal,Horse,1
Mammal,RaceHorse,1
Relationship,Ratio,1
SoccerClub,NationalSoccerClub,1
List,TrackList,1
Biomolecule,Enzyme,1
Biomolecule,Gene,1
Biomolecule,Hormone,1
Biomolecule,Lipid,1
Biomolecule,Polysaccharide,1
Biomolecule,Protein,1
Biomolecule,HumanGene,1
Biomolecule,MouseGene,1
Place,ArchitecturalStructure,1
Place,CelestialBody,1
Place,Cemetery,1
Place,ConcentrationCamp,1
Place,CountrySeat,1
Place,Garden,1
Place,HistoricPlace,1
Place,Mine,1
Place,Monument,1
Place,NaturalPlace,1
Place,Park,1
Place,PopulatedPlace,1
Place,ProtectedArea,1
Place,SiteOfSpecialScientificInterest,1
Place,WineRegion,1
Place,WorldHeritageSite,1
Place,AmusementParkAttraction,1
Place,RollerCoaster,1
Place,WaterRide,1
Place,Arena,1
Place,Building,1
Place,Casino,1
Place,Castle,1
Place,Factory,1
Place,HistoricBuilding,1
Place,Hospital,1
Place,Hotel,1
Place,Library,1
Place,Museum,1
Place,Prison,1
Place,ReligiousBuilding,1
Place,Abbey,1
Place,Church,1
Place,Monastery,1
Place,Mosque,1
Place,Shrine,1
Place,Synagogue,1
Place,Temple,1
Place,Restaurant,1
Place,ShoppingMall,1
Place,Skyscraper,1
Place,Gate,1
Place,Infrastructure,1
Place,Airport,1
Place,Dam,1
Place,Dike,1
Place,LaunchPad,1
Place,Lock,1
Place,Port,1
Place,PowerStation,1
Place,NuclearPowerStation,1
Place,RestArea,1
Place,RouteOfTransportation,1
Place,Bridge,1
Place,RailwayLine,1
Place,RailwayTunnel,1
Place,Road,1
Place,RoadJunction,1
Place,RoadTunnel,1
Place,WaterwayTunnel,1
Place,Station,1
Place,ElectricalSubstation,1
Place,FillingStation,1
Place,MetroStation,1
Place,RailwayStation,1
Place,TramStation,1
Place,MilitaryStructure,1
Place,Fort,1
Place,Mill,1
Place,Treadmill,1
Place,Watermill,1
Place,WindMotor,1
Place,Windmill,1
Place,Pyramid,1
Place,SportFacility,1
Place,CricketGround,1
Place,GolfCourse,1
Place,RaceTrack,1
Place,Racecourse,1
Place,SkiArea,1
Place,SkiResort,1
Place,Stadium,1
Place,Square,1
Place,Tower,1
Place,Lighthouse,1
Place,WaterTower,1
Place,Tunnel,1
Place,Venue,1
Place,Theatre,1
Place,Zoo,1
Place,Asteroid,1
Place,Constellation,1
Place,Galaxy,1
Place,Planet,1
Place,Satellite,1
Place,ArtificialSatellite,1
Place,Star,1
Place,BrownDwarf,1
Place,Swarm,1
Place,Globularswarm,1
Place,Openswarm,1
Place,CoalPit,1
Place,GraveMonument,1
Place,Memorial,1
Place,Archipelago,1
Place,Beach,1
Place,BodyOfWater,1
Place,Bay,1
Place,Lake,1
Place,Ocean,1
Place,Sea,1
Place,Stream,1
Place,Canal,1
Place,Creek,1
Place,River,1
Place,Cape,1
Place,Cave,1
Place,Crater,1
Place,LunarCrater,1
Place,Desert,1
Place,Forest,1
Place,Glacier,1
Place,HotSpring,1
Place,Mountain,1
Place,MountainPass,1
Place,MountainRange,1
Place,Valley,1
Place,Volcano,1
Place,Agglomeration,1
Place,Community,1
Place,Continent,1
Place,Country,1
Place,HistoricalCountry,1
Place,GatedCommunity,1
Place,Intercommunality,1
Place,Island,1
Place,Atoll,1
Place,Locality,1
Place,Region,1
Place,AdministrativeRegion,1
Place,ClericalAdministrativeRegion,1
Place,Deanery,1
Place,Diocese,1
Place,Parish,1
Place,GovernmentalAdministrativeRegion,1
Place,Arrondissement,1
Place,Canton,1
Place,Department,1
Place,OverseasDepartment,1
Place,District,1
Place,HistoricalDistrict,1
Place,DistrictWaterBoard,1
Place,MicroRegion,1
Place,Municipality,1
Place,FormerMunicipality,1
Place,Prefecture,1
Place,Province,1
Place,HistoricalProvince,1
Place,Regency,1
Place,SubMunicipality,1
Place,HistoricalAreaOfAuthority,1
Place,Fiefdom,1
Place,HistoricalRegion,1
Place,NaturalRegion,1
Place,Settlement,1
Place,City,1
Place,Capital,1
Place,CapitalOfRegion,1
Place,CityDistrict,1
Place,HistoricalSettlement,1
Place,Town,1
Place,Village,1
Place,State,1
Place,Street,1
Place,Territory,1
Place,OldTerritory,1
Mine,CoalPit,1
PopulatedPlace,Agglomeration,1
PopulatedPlace,Community,1
PopulatedPlace,Continent,1
PopulatedPlace,Country,1
PopulatedPlace,GatedCommunity,1
PopulatedPlace,Intercommunality,1
PopulatedPlace,Island,1
PopulatedPlace,Locality,1
PopulatedPlace,Region,1
PopulatedPlace,Settlement,1
PopulatedPlace,State,1
PopulatedPlace,Street,1
PopulatedPlace,Territory,1
PopulatedPlace,HistoricalCountry,1
PopulatedPlace,Atoll,1
PopulatedPlace,AdministrativeRegion,1
PopulatedPlace,ClericalAdministrativeRegion,1
PopulatedPlace,Deanery,1
PopulatedPlace,Diocese,1
PopulatedPlace,Parish,1
PopulatedPlace,GovernmentalAdministrativeRegion,1
PopulatedPlace,Arrondissement,1
PopulatedPlace,Canton,1
PopulatedPlace,Department,1
PopulatedPlace,OverseasDepartment,1
PopulatedPlace,District,1
PopulatedPlace,HistoricalDistrict,1
PopulatedPlace,DistrictWaterBoard,1
PopulatedPlace,MicroRegion,1
PopulatedPlace,Municipality,1
PopulatedPlace,FormerMunicipality,1
PopulatedPlace,Prefecture,1
PopulatedPlace,Province,1
PopulatedPlace,HistoricalProvince,1
PopulatedPlace,Regency,1
PopulatedPlace,SubMunicipality,1
PopulatedPlace,HistoricalAreaOfAuthority,1
PopulatedPlace,Fiefdom,1
PopulatedPlace,HistoricalRegion,1
PopulatedPlace,NaturalRegion,1
PopulatedPlace,City,1
PopulatedPlace,Capital,1
PopulatedPlace,CapitalOfRegion,1
PopulatedPlace,CityDistrict,1
PopulatedPlace,HistoricalSettlement,1
PopulatedPlace,Town,1
PopulatedPlace,Village,1
PopulatedPlace,OldTerritory,1
Genre,ArtisticGenre,1
Genre,LiteraryGenre,1
Genre,MovieGenre,1
Genre,MusicGenre,1
ChemicalSubstance,ChemicalCompound,1
ChemicalSubstance,ChemicalElement,1
ChemicalSubstance,Drug,1
ChemicalSubstance,Mineral,1
Species,Archaea,1
Species,Bacteria,1
Species,Eukaryote,1
Species,Animal,1
Species,Amphibian,1
Species,Arachnid,1
Species,Bird,1
Species,Crustacean,1
Species,Fish,1
Species,Insect,1
Species,Mammal,1
Species,Cat,1
Species,Dog,1
Species,Horse,1
Species,RaceHorse,1
Species,Mollusca,1
Species,Reptile,1
Species,Fungus,1
Species,Plant,1
Species,ClubMoss,1
Species,Conifer,1
Species,CultivatedVariety,1
Species,Cycad,1
Species,Fern,1
Species,FloweringPlant,1
Species,Grape,1
Species,Ginkgo,1
Species,Gnetophytes,1
Species,GreenAlga,1
Species,Moss,1
TopicalConcept,AcademicSubject,1
TopicalConcept,CardinalDirection,1
TopicalConcept,Fashion,1
TopicalConcept,Genre,1
TopicalConcept,Ideology,1
TopicalConcept,MathematicalConcept,1
TopicalConcept,PhilosophicalConcept,1
TopicalConcept,PoliticalConcept,1
TopicalConcept,ScientificConcept,1
TopicalConcept,Standard,1
TopicalConcept,SystemOfLaw,1
TopicalConcept,Tax,1
TopicalConcept,Taxon,1
TopicalConcept,TheologicalConcept,1
TopicalConcept,Type,1
TopicalConcept,ArtisticGenre,1
TopicalConcept,LiteraryGenre,1
TopicalConcept,MovieGenre,1
TopicalConcept,MusicGenre,1
TopicalConcept,ChristianDoctrine,1
TopicalConcept,DocumentType,1
TopicalConcept,GovernmentType,1
Type,DocumentType,1
Type,GovernmentType,1
Thing,TimePeriod,1
Thing,AnatomicalStructure,1
Thing,GrossDomesticProduct,1
Thing,SportsSeason,1
Thing,SportCompetitionResult,1
Thing,Name,1
Thing,Area,1
Thing,GeneLocation,1
Thing,Event,1
Thing,Device,1
Thing,PersonFunction,1
Thing,ChartsPlacements,1
Thing,EthnicGroup,1
Thing,Holiday,1
Thing,MeanOfTransportation,1
Thing,UnitOfWork,1
Thing,Flag,1
Thing,Colour,1
Thing,Population,1
Thing,PenaltyShootOut,1
Thing,Activity,1
Thing,Food,1
Thing,Media,1
Thing,Work,1
Thing,Blazon,1
Thing,Altitude,1
Thing,Language,1
Thing,Currency,1
Thing,Statistic,1
Thing,Diploma,1
Thing,Award,1
Thing,Agent,1
Thing,PublicService,1
Thing,Disease,1
Thing,GrossDomesticProductPerCapita,1
Thing,ElectionDiagram,1
Thing,Demographics,1
Thing,Relationship,1
Thing,Medicine,1
Thing,List,1
Thing,Biomolecule,1
Thing,Place,1
Thing,Unknown,1
Thing,ChemicalSubstance,1
Thing,Species,1
Thing,Polyhedron,1
Thing,TopicalConcept,1
Thing,RouteStop,1
Thing,Depth,1
Thing,HumanDevelopmentIndex,1
Thing,CareerStation,1
Thing,GeologicalPeriod,1
Thing,HistoricalPeriod,1
Thing,PeriodOfArtisticStyle,1
Thing,PrehistoricalPeriod,1
Thing,ProtohistoricalPeriod,1
Thing,Year,1
Thing,YearInSpaceflight,1
Thing,Artery,1
Thing,BloodVessel,1
Thing,Bone,1
Thing,Brain,1
Thing,Embryology,1
Thing,Ligament,1
Thing,Lymph,1
Thing,Muscle,1
Thing,Nerve,1
Thing,Vein,1
Thing,MotorsportSeason,1
Thing,SportsTeamSeason,1
Thing,BaseballSeason,1
Thing,FootballLeagueSeason,1
Thing,NationalFootballLeagueSeason,1
Thing,NCAATeamSeason,1
Thing,SoccerClubSeason,1
Thing,SoccerLeagueSeason,1
Thing,OlympicResult,1
Thing,SnookerWorldRanking,1
Thing,GivenName,1
Thing,Surname,1
Thing,HumanGeneLocation,1
Thing,MouseGeneLocation,1
Thing,Competition,1
Thing,Contest,1
Thing,LifeCycleEvent,1
Thing,PersonalEvent,1
Thing,Birth,1
Thing,Death,1
Thing,Divorce,1
Thing,Marriage,1
Thing,NaturalEvent,1
Thing,Earthquake,1
Thing,SolarEclipse,1
Thing,StormSurge,1
Thing,SocietalEvent,1
Thing,AcademicConference,1
Thing,Attack,1
Thing,Convention,1
Thing,Election,1
Thing,FilmFestival,1
Thing,Meeting,1
Thing,MilitaryConflict,1
Thing,MusicFestival,1
Thing,Rebellion,1
Thing,SpaceMission,1
Thing,SportsEvent,1
Thing,CyclingCompetition,1
Thing,FootballMatch,1
Thing,GrandPrix,1
Thing,InternationalFootballLeagueEvent,1
Thing,MixedMartialArtsEvent,1
Thing,NationalFootballLeagueEvent,1
Thing,Olympics,1
Thing,OlympicEvent,1
Thing,Race,1
Thing,CyclingRace,1
Thing,HorseRace,1
Thing,MotorRace,1
Thing,Tournament,1
Thing,GolfTournament,1
Thing,SoccerTournament,1
Thing,TennisTournament,1
Thing,WomensTennisAssociationTournament,1
Thing,WrestlingEvent,1
Thing,Camera,1
Thing,DigitalCamera,1
Thing,Engine,1
Thing,AutomobileEngine,1
Thing,RocketEngine,1
Thing,InformationAppliance,1
Thing,Instrument,1
Thing,Guitar,1
Thing,Organ,1
Thing,MobilePhone,1
Thing,Weapon,1
Thing,PoliticalFunction,1
Thing,Profession,1
Thing,Aircraft,1
Thing,MilitaryAircraft,1
Thing,Automobile,1
Thing,Locomotive,1
Thing,MilitaryVehicle,1
Thing,Motorcycle,1
Thing,On-SiteTransportation,1
Thing,ConveyorSystem,1
Thing,Escalator,1
Thing,MovingWalkway,1
Thing,Rocket,1
Thing,Ship,1
Thing,SpaceShuttle,1
Thing,SpaceStation,1
Thing,Spacecraft,1
Thing,Train,1
Thing,TrainCarriage,1
Thing,Tram,1
Thing,Case,1
Thing,LegalCase,1
Thing,SupremeCourtOfTheUnitedStatesCase,1
Thing,Project,1
Thing,ResearchProject,1
Thing,Game,1
Thing,BoardGame,1
Thing,CardGame,1
Thing,Sales,1
Thing,Sport,1
Thing,Athletics,1
Thing,Boxing,1
Thing,BoxingCategory,1
Thing,BoxingStyle,1
Thing,HorseRiding,1
Thing,TeamSport,1
Thing,Soccer,1
Thing,Beverage,1
Thing,Beer,1
Thing,Vodka,1
Thing,Wine,1
Thing,ControlledDesignationOfOriginWine,1
Thing,Cheese,1
Thing,Artwork,1
Thing,Painting,1
Thing,Sculpture,1
Thing,Cartoon,1
Thing,Anime,1
Thing,HollywoodCartoon,1
Thing,CollectionOfValuables,1
Thing,Archive,1
Thing,Database,1
Thing,BiologicalDatabase,1
Thing,Document,1
Thing,File,1
Thing,Image,1
Thing,MovingImage,1
Thing,StillImage,1
Thing,Sound,1
Thing,Film,1
Thing,LineOfFashion,1
Thing,MusicalWork,1
Thing,Album,1
Thing,ArtistDiscography,1
Thing,ClassicalMusicComposition,1
Thing,Musical,1
Thing,NationalAnthem,1
Thing,Opera,1
Thing,Single,1
Thing,Song,1
Thing,EurovisionSongContestEntry,1
Thing,RadioProgram,1
Thing,Software,1
Thing,VideoGame,1
Thing,TelevisionEpisode,1
Thing,TelevisionSeason,1
Thing,TelevisionShow,1
Thing,Website,1
Thing,WrittenWork,1
Thing,Annotation,1
Thing,Reference,1
Thing,Article,1
Thing,Book,1
Thing,Novel,1
Thing,LightNovel,1
Thing,Comic,1
Thing,ComicStrip,1
Thing,Manga,1
Thing,Manhua,1
Thing,Manhwa,1
Thing,Drama,1
Thing,Law,1
Thing,Letter,1
Thing,MultiVolumePublication,1
Thing,PeriodicalLiterature,1
Thing,AcademicJournal,1
Thing,Magazine,1
Thing,Newspaper,1
Thing,UndergroundJournal,1
Thing,Play,1
Thing,Poem,1
Thing,Quote,1
Thing,Resume,1
Thing,StatedResolution,1
Thing,Treaty,1
Thing,ProgrammingLanguage,1
Thing,Decoration,1
Thing,NobelPrize,1
Thing,Deity,1
Thing,Employer,1
Thing,Family,1
Thing,NobleFamily,1
Thing,Organisation,1
Thing,Broadcaster,1
Thing,BroadcastNetwork,1
Thing,RadioStation,1
Thing,TelevisionStation,1
Thing,Company,1
Thing,Airline,1
Thing,Bank,1
Thing,Brewery,1
Thing,BusCompany,1
Thing,Caterer,1
Thing,LawFirm,1
Thing,Publisher,1
Thing,RecordLabel,1
Thing,Winery,1
Thing,EducationalInstitution,1
Thing,College,1
Thing,School,1
Thing,University,1
Thing,EmployersOrganisation,1
Thing,GeopoliticalOrganisation,1
Thing,GovernmentAgency,1
Thing,GovernmentCabinet,1
Thing,Group,1
Thing,Band,1
Thing,ComedyGroup,1
Thing,InternationalOrganisation,1
Thing,Legislature,1
Thing,MilitaryUnit,1
Thing,Non-ProfitOrganisation,1
Thing,RecordOffice,1
Thing,Parliament,1
Thing,PoliticalParty,1
Thing,PublicTransitSystem,1
Thing,ReligiousOrganisation,1
Thing,ClericalOrder,1
Thing,SambaSchool,1
Thing,SportsClub,1
Thing,HockeyClub,1
Thing,SportsLeague,1
Thing,AmericanFootballLeague,1
Thing,AustralianFootballLeague,1
Thing,AutoRacingLeague,1
Thing,BaseballLeague,1
Thing,BasketballLeague,1
Thing,BowlingLeague,1
Thing,BoxingLeague,1
Thing,CanadianFootballLeague,1
Thing,CricketLeague,1
Thing,CurlingLeague,1
Thing,CyclingLeague,1
Thing,FieldHockeyLeague,1
Thing,FormulaOneRacing,1
Thing,GolfLeague,1
Thing,HandballLeague,1
Thing,IceHockeyLeague,1
Thing,InlineHockeyLeague,1
Thing,LacrosseLeague,1
Thing,MixedMartialArtsLeague,1
Thing,MotorcycleRacingLeague,1
Thing,PaintballLeague,1
Thing,PoloLeague,1
Thing,RadioControlledRacingLeague,1
Thing,RugbyLeague,1
Thing,SoccerLeague,1
Thing,SoftballLeague,1
Thing,SpeedwayLeague,1
Thing,TennisLeague,1
Thing,VideogamesLeague,1
Thing,VolleyballLeague,1
Thing,SportsTeam,1
Thing,AmericanFootballTeam,1
Thing,AustralianFootballTeam,1
Thing,BaseballTeam,1
Thing,BasketballTeam,1
Thing,CanadianFootballTeam,1
Thing,CricketTeam,1
Thing,CyclingTeam,1
Thing,FormulaOneTeam,1
Thing,HandballTeam,1
Thing,HockeyTeam,1
Thing,RugbyClub,1
Thing,SoccerClub,1
Thing,NationalSoccerClub,1
Thing,SpeedwayTeam,1
Thing,TermOfOffice,1
Thing,TradeUnion,1
Thing,Person,1
Thing,Ambassador,1
Thing,Archeologist,1
Thing,Architect,1
Thing,Aristocrat,1
Thing,Artist,1
Thing,Actor,1
Thing,AdultActor,1
Thing,VoiceActor,1
Thing,Comedian,1
Thing,ComicsCreator,1
Thing,Dancer,1
Thing,FashionDesigner,1
Thing,Humorist,1
Thing,MusicalArtist,1
Thing,BackScene,1
Thing,ClassicalMusicArtist,1
Thing,Instrumentalist,1
Thing,Guitarist,1
Thing,MusicDirector,1
Thing,Singer,1
Thing,Painter,1
Thing,Photographer,1
Thing,Sculptor,1
Thing,Astronaut,1
Thing,Athlete,1
Thing,ArcherPlayer,1
Thing,AthleticsPlayer,1
Thing,AustralianRulesFootballPlayer,1
Thing,BadmintonPlayer,1
Thing,BaseballPlayer,1
Thing,BasketballPlayer,1
Thing,Bodybuilder,1
Thing,Boxer,1
Thing,AmateurBoxer,1
Thing,BullFighter,1
Thing,Canoeist,1
Thing,ChessPlayer,1
Thing,Cricketer,1
Thing,Cyclist,1
Thing,DartsPlayer,1
Thing,Fencer,1
Thing,GaelicGamesPlayer,1
Thing,GolfPlayer,1
Thing,GridironFootballPlayer,1
Thing,AmericanFootballPlayer,1
Thing,CanadianFootballPlayer,1
Thing,Gymnast,1
Thing,HandballPlayer,1
Thing,HighDiver,1
Thing,HorseRider,1
Thing,Jockey,1
Thing,LacrossePlayer,1
Thing,MartialArtist,1
Thing,MotorsportRacer,1
Thing,MotorcycleRider,1
Thing,MotocycleRacer,1
Thing,SpeedwayRider,1
Thing,RacingDriver,1
Thing,DTMRacer,1
Thing,FormulaOneRacer,1
Thing,NascarDriver,1
Thing,RallyDriver,1
Thing,NationalCollegiateAthleticAssociationAthlete,1
Thing,NetballPlayer,1
Thing,PokerPlayer,1
Thing,Rower,1
Thing,RugbyPlayer,1
Thing,SnookerPlayer,1
Thing,SnookerChamp,1
Thing,SoccerPlayer,1
Thing,SquashPlayer,1
Thing,Surfer,1
Thing,Swimmer,1
Thing,TableTennisPlayer,1
Thing,TeamMember,1
Thing,TennisPlayer,1
Thing,VolleyballPlayer,1
Thing,BeachVolleyballPlayer,1
Thing,WaterPoloPlayer,1
Thing,WinterSportPlayer,1
Thing,Biathlete,1
Thing,BobsleighAthlete,1
Thing,CrossCountrySkier,1
Thing,Curler,1
Thing,FigureSkater,1
Thing,IceHockeyPlayer,1
Thing,NordicCombined,1
Thing,Skater,1
Thing,Skijumper,1
Thing,Skier,1
Thing,SpeedSkater,1
Thing,Wrestler,1
Thing,SumoWrestler,1
Thing,BeautyQueen,1
Thing,BusinessPerson,1
Thing,Celebrity,1
Thing,Chef,1
Thing,Cleric,1
Thing,Cardinal,1
Thing,ChristianBishop,1
Thing,ChristianPatriarch,1
Thing,Pope,1
Thing,Priest,1
Thing,Saint,1
Thing,Vicar,1
Thing,Coach,1
Thing,AmericanFootballCoach,1
Thing,CollegeCoach,1
Thing,VolleyballCoach,1
Thing,Criminal,1
Thing,Murderer,1
Thing,SerialKiller,1
Thing,Economist,1
Thing,Egyptologist,1
Thing,Engineer,1
Thing,Farmer,1
Thing,FictionalCharacter,1
Thing,ComicsCharacter,1
Thing,AnimangaCharacter,1
Thing,DisneyCharacter,1
Thing,MythologicalFigure,1
Thing,NarutoCharacter,1
Thing,SoapCharacter,1
Thing,HorseTrainer,1
Thing,Journalist,1
Thing,Judge,1
Thing,Lawyer,1
Thing,Linguist,1
Thing,MemberResistanceMovement,1
Thing,MilitaryPerson,1
Thing,Model,1
Thing,Monarch,1
Thing,MovieDirector,1
Thing,Noble,1
Thing,OfficeHolder,1
Thing,OrganisationMember,1
Thing,SportsTeamMember,1
Thing,Orphan,1
Thing,Philosopher,1
Thing,PlayboyPlaymate,1
Thing,Politician,1
Thing,Chancellor,1
Thing,Congressman,1
Thing,Deputy,1
Thing,Governor,1
Thing,Lieutenant,1
Thing,Mayor,1
Thing,MemberOfParliament,1
Thing,President,1
Thing,PrimeMinister,1
Thing,Senator,1
Thing,VicePresident,1
Thing,VicePrimeMinister,1
Thing,PoliticianSpouse,1
Thing,Presenter,1
Thing,RadioHost,1
Thing,TelevisionHost,1
Thing,Producer,1
Thing,Psychologist,1
Thing,Referee,1
Thing,Religious,1
Thing,RomanEmperor,1
Thing,Royalty,1
Thing,BritishRoyalty,1
Thing,Baronet,1
Thing,Scientist,1
Thing,Biologist,1
Thing,Entomologist,1
Thing,Medician,1
Thing,Professor,1
Thing,SportsManager,1
Thing,SoccerManager,1
Thing,TelevisionDirector,1
Thing,TelevisionPersonality,1
Thing,Host,1
Thing,TheatreDirector,1
Thing,Writer,1
Thing,Historian,1
Thing,MusicComposer,1
Thing,PlayWright,1
Thing,Poet,1
Thing,ScreenWriter,1
Thing,SongWriter,1
Thing,Ratio,1
Thing,TrackList,1
Thing,Enzyme,1
Thing,Gene,1
Thing,HumanGene,1
Thing,MouseGene,1
Thing,Hormone,1
Thing,Lipid,1
Thing,Polysaccharide,1
Thing,Protein,1
Thing,ArchitecturalStructure,1
Thing,AmusementParkAttraction,1
Thing,RollerCoaster,1
Thing,WaterRide,1
Thing,Arena,1
Thing,Building,1
Thing,Casino,1
Thing,Castle,1
Thing,Factory,1
Thing,HistoricBuilding,1
Thing,Hospital,1
Thing,Hotel,1
Thing,Library,1
Thing,Museum,1
Thing,Prison,1
Thing,ReligiousBuilding,1
Thing,Abbey,1
Thing,Church,1
Thing,Monastery,1
Thing,Mosque,1
Thing,Shrine,1
Thing,Synagogue,1
Thing,Temple,1
Thing,Restaurant,1
Thing,ShoppingMall,1
Thing,Skyscraper,1
Thing,Gate,1
Thing,Infrastructure,1
Thing,Airport,1
Thing,Dam,1
Thing,Dike,1
Thing,LaunchPad,1
Thing,Lock,1
Thing,Port,1
Thing,PowerStation,1
Thing,NuclearPowerStation,1
Thing,RestArea,1
Thing,RouteOfTransportation,1
Thing,Bridge,1
Thing,RailwayLine,1
Thing,RailwayTunnel,1
Thing,Road,1
Thing,RoadJunction,1
Thing,RoadTunnel,1
Thing,WaterwayTunnel,1
Thing,Station,1
Thing,ElectricalSubstation,1
Thing,FillingStation,1
Thing,MetroStation,1
Thing,RailwayStation,1
Thing,TramStation,1
Thing,MilitaryStructure,1
Thing,Fort,1
Thing,Mill,1
Thing,Treadmill,1
Thing,Watermill,1
Thing,WindMotor,1
Thing,Windmill,1
Thing,Pyramid,1
Thing,SportFacility,1
Thing,CricketGround,1
Thing,GolfCourse,1
Thing,RaceTrack,1
Thing,Racecourse,1
Thing,SkiArea,1
Thing,SkiResort,1
Thing,Stadium,1
Thing,Square,1
Thing,Tower,1
Thing,Lighthouse,1
Thing,WaterTower,1
Thing,Tunnel,1
Thing,Venue,1
Thing,Theatre,1
Thing,Zoo,1
Thing,CelestialBody,1
Thing,Asteroid,1
Thing,Constellation,1
Thing,Galaxy,1
Thing,Planet,1
Thing,Satellite,1
Thing,ArtificialSatellite,1
Thing,Star,1
Thing,BrownDwarf,1
Thing,Swarm,1
Thing,Globularswarm,1
Thing,Openswarm,1
Thing,Cemetery,1
Thing,ConcentrationCamp,1
Thing,CountrySeat,1
Thing,Garden,1
Thing,HistoricPlace,1
Thing,Mine,1
Thing,CoalPit,1
Thing,Monument,1
Thing,GraveMonument,1
Thing,Memorial,1
Thing,NaturalPlace,1
Thing,Archipelago,1
Thing,Beach,1
Thing,BodyOfWater,1
Thing,Bay,1
Thing,Lake,1
Thing,Ocean,1
Thing,Sea,1
Thing,Stream,1
Thing,Canal,1
Thing,Creek,1
Thing,River,1
Thing,Cape,1
Thing,Cave,1
Thing,Crater,1
Thing,LunarCrater,1
Thing,Desert,1
Thing,Forest,1
Thing,Glacier,1
Thing,HotSpring,1
Thing,Mountain,1
Thing,MountainPass,1
Thing,MountainRange,1
Thing,Valley,1
Thing,Volcano,1
Thing,Park,1
Thing,PopulatedPlace,1
Thing,Agglomeration,1
Thing,Community,1
Thing,Continent,1
Thing,Country,1
Thing,HistoricalCountry,1
Thing,GatedCommunity,1
Thing,Intercommunality,1
Thing,Island,1
Thing,Atoll,1
Thing,Locality,1
Thing,Region,1
Thing,AdministrativeRegion,1
Thing,ClericalAdministrativeRegion,1
Thing,Deanery,1
Thing,Diocese,1
Thing,Parish,1
Thing,GovernmentalAdministrativeRegion,1
Thing,Arrondissement,1
Thing,Canton,1
Thing,Department,1
Thing,OverseasDepartment,1
Thing,District,1
Thing,HistoricalDistrict,1
Thing,DistrictWaterBoard,1
Thing,MicroRegion,1
Thing,Municipality,1
Thing,FormerMunicipality,1
Thing,Prefecture,1
Thing,Province,1
Thing,HistoricalProvince,1
Thing,Regency,1
Thing,SubMunicipality,1
Thing,HistoricalAreaOfAuthority,1
Thing,Fiefdom,1
Thing,HistoricalRegion,1
Thing,NaturalRegion,1
Thing,Settlement,1
Thing,City,1
Thing,Capital,1
Thing,CapitalOfRegion,1
Thing,CityDistrict,1
Thing,HistoricalSettlement,1
Thing,Town,1
Thing,Village,1
Thing,State,1
Thing,Street,1
Thing,Territory,1
Thing,OldTerritory,1
Thing,ProtectedArea,1
Thing,SiteOfSpecialScientificInterest,1
Thing,WineRegion,1
Thing,WorldHeritageSite,1
Thing,ChemicalCompound,1
Thing,ChemicalElement,1
Thing,Drug,1
Thing,Mineral,1
Thing,Archaea,1
Thing,Bacteria,1
Thing,Eukaryote,1
Thing,Animal,1
Thing,Amphibian,1
Thing,Arachnid,1
Thing,Bird,1
Thing,Crustacean,1
Thing,Fish,1
Thing,Insect,1
Thing,Mammal,1
Thing,Cat,1
Thing,Dog,1
Thing,Horse,1
Thing,RaceHorse,1
Thing,Mollusca,1
Thing,Reptile,1
Thing,Fungus,1
Thing,Plant,1
Thing,ClubMoss,1
Thing,Conifer,1
Thing,CultivatedVariety,1
Thing,Cycad,1
Thing,Fern,1
Thing,FloweringPlant,1
Thing,Grape,1
Thing,Ginkgo,1
Thing,Gnetophytes,1
Thing,GreenAlga,1
Thing,Moss,1
Thing,AcademicSubject,1
Thing,CardinalDirection,1
Thing,Fashion,1
Thing,Genre,1
Thing,ArtisticGenre,1
Thing,LiteraryGenre,1
Thing,MovieGenre,1
Thing,MusicGenre,1
Thing,Ideology,1
Thing,MathematicalConcept,1
Thing,PhilosophicalConcept,1
Thing,PoliticalConcept,1
Thing,ScientificConcept,1
Thing,Standard,1
Thing,SystemOfLaw,1
Thing,Tax,1
Thing,Taxon,1
Thing,TheologicalConcept,1
Thing,ChristianDoctrine,1
Thing,Type,1
Thing,DocumentType,1
Thing,GovernmentType,1
